{
  "project_info": {
    "project_number": "101788106482",
    "firebase_url": "https://indian-actors-default-rtdb.firebaseio.com",
    "project_id": "indian-actors",
    "storage_bucket": "indian-actors.appspot.com"
  },
  "client": [
    {
      "client_info": {
        "mobilesdk_app_id": "1:101788106482:android:d399d3a92fc161cadada6b",
        "android_client_info": {
          "package_name": "in.visiontek.indianactors"
        }
      },
      "oauth_client": [
        {
          "client_id": "101788106482-7qtslsm7uarccnoao5636l2st6gpl1ra.apps.googleusercontent.com",
          "client_type": 3
        }
      ],
      "api_key": [
        {
          "current_key": "AIzaSyDFl71IhwIapfhccM4MIR9P4j-0pjClH50"
        }
      ],
      "services": {
        "appinvite_service": {
          "other_platform_oauth_client": [
            {
              "client_id": "101788106482-7qtslsm7uarccnoao5636l2st6gpl1ra.apps.googleusercontent.com",
              "client_type": 3
            }
          ]
        }
      }
    }
  ],
  "configuration_version": "1"
}